ID,Origin,Destionation,Type,Post Type,Is Expensive,Is Received,Weight,Price,Listing Time
1,Tehran,Qazvin,Object,Ordinary,No,No,4,42.9982,14:02:04 PM1,Tehran,Qazvin,Object,Ordinary,No,No,4,42.9982,14:04:50 PM
1,Tehran,Qazvin,Object,Ordinary,No,No,4,42.9982,14:04:52 PM
1,Tehran,Qazvin,Object,Ordinary,No,No,4,42.9982,14:04:57 PM
1,Tehran,Qazvin,Object,Ordinary,No,No,4,42.9982,14:05:45 PM
1,Tehran,Qazvin,Object,Ordinary,No,Yes,4,42.9982,16:19:31 PM
1,Tehran,Qazvin,Object,Ordinary,No,Yes,4,42.9982,16:49:26 PM
2,tehran,rasht,Object,Ordinary,No,NO,3,29.8598,16:49:26 PM
1,Tehran,Qazvin,Object,Ordinary,No,Yes,4,42.9982,16:50:01 PM
2,tehran,rasht,Object,Ordinary,No,NO,3,29.8598,16:50:01 PM
